[
  {
    "name": "Albania",
    "continent": "EU",
    "iso_3166_2": "AL",
    "iso_3166_3": "ALB",
    "currency": "ALL"
  },
  {
    "name": "Algeria",
    "continent": "AF",
    "iso_3166_2": "DZ",
    "iso_3166_3": "DZA",
    "currency": "DZD"
  },
  {
    "name": "American Samoa",
    "continent": "OC",
    "iso_3166_2": "AS",
    "iso_3166_3": "ASM",
    "currency": "USD"
  },
  {
    "name": "Andorra",
    "continent": "EU",
    "iso_3166_2": "AD",
    "iso_3166_3": "AND",
    "currency": "EUR"
  },
  {
    "name": "Angola",
    "continent": "AF",
    "iso_3166_2": "AO",
    "iso_3166_3": "AGO",
    "currency": "AOA"
  },
  {
    "name": "Anguilla",
    "continent": "NA",
    "iso_3166_2": "AI",
    "iso_3166_3": "AIA",
    "currency": "XCD"
  },
  {
    "name": "Antigua and Barbuda",
    "continent": "NA",
    "iso_3166_2": "AG",
    "iso_3166_3": "ATG",
    "currency": "XCD"
  },
  {
    "name": "Argentina",
    "continent": "SA",
    "iso_3166_2": "AR",
    "iso_3166_3": "ARG",
    "currency": "ARS"
  },
  {
    "name": "Armenia",
    "continent": "AS",
    "iso_3166_2": "AM",
    "iso_3166_3": "ARM",
    "currency": "AMD"
  },
  {
    "name": "Aruba",
    "continent": "NA",
    "iso_3166_2": "AW",
    "iso_3166_3": "ABW",
    "currency": "AWG"
  },
  {
    "name": "Australia",
    "continent": "OC",
    "iso_3166_2": "AU",
    "iso_3166_3": "AUS",
    "currency": "AUD"
  },
  {
    "name": "Austria",
    "continent": "EU",
    "iso_3166_2": "AT",
    "iso_3166_3": "AUT",
    "currency": "EUR"
  },
  {
    "name": "Azerbaijan",
    "continent": "AS",
    "iso_3166_2": "AZ",
    "iso_3166_3": "AZE",
    "currency": "AZN"
  },
  {
    "name": "Bahamas",
    "continent": "NA",
    "iso_3166_2": "BS",
    "iso_3166_3": "BHS",
    "currency": "BSD"
  },
  {
    "name": "Bahrain",
    "continent": "AS",
    "iso_3166_2": "BH",
    "iso_3166_3": "BHR",
    "currency": "BHD"
  },
  {
    "name": "Bangladesh",
    "continent": "AS",
    "iso_3166_2": "BD",
    "iso_3166_3": "BGD",
    "currency": "BDT"
  },
  {
    "name": "Barbados",
    "continent": "NA",
    "iso_3166_2": "BB",
    "iso_3166_3": "BRB",
    "currency": "BBD"
  },
  {
    "name": "Belgium",
    "continent": "EU",
    "iso_3166_2": "BE",
    "iso_3166_3": "BEL",
    "currency": "EUR"
  },
  {
    "name": "Belize",
    "continent": "NA",
    "iso_3166_2": "BZ",
    "iso_3166_3": "BLZ",
    "currency": "BZD"
  },
  {
    "name": "Benin",
    "continent": "AF",
    "iso_3166_2": "BJ",
    "iso_3166_3": "BEN",
    "currency": "XOF"
  },
  {
    "name": "Bermuda",
    "continent": "NA",
    "iso_3166_2": "BM",
    "iso_3166_3": "BMU",
    "currency": "BMD"
  },
  {
    "name": "Bhutan",
    "continent": "AS",
    "iso_3166_2": "BT",
    "iso_3166_3": "BTN",
    "currency": "INR"
  },
  {
    "name": "Bolivia",
    "continent": "SA",
    "iso_3166_2": "BO",
    "iso_3166_3": "BOL",
    "currency": "BOB"
  },
  {
    "name": "Bonaire, Sint Eustatius and Saba",
    "continent": "NA",
    "iso_3166_2": "BQ",
    "iso_3166_3": "BES",
    "currency": "USD"
  },
  {
    "name": "Bosnia and Herzegovina",
    "continent": "EU",
    "iso_3166_2": "BA",
    "iso_3166_3": "BIH",
    "currency": "BAM"
  },
  {
    "name": "Botswana",
    "continent": "AF",
    "iso_3166_2": "BW",
    "iso_3166_3": "BWA",
    "currency": "BWP"
  },
  {
    "name": "Brazil",
    "continent": "SA",
    "iso_3166_2": "BR",
    "iso_3166_3": "BRA",
    "currency": "BRL"
  },
  {
    "name": "British Virgin Islands",
    "continent": "NA",
    "iso_3166_2": "VG",
    "iso_3166_3": "VGB",
    "currency": "USD"
  },
  {
    "name": "Brunei Darussalam",
    "continent": "AS",
    "iso_3166_2": "BN",
    "iso_3166_3": "BRN",
    "currency": "BND"
  },
  {
    "name": "Bulgaria",
    "continent": "EU",
    "iso_3166_2": "BG",
    "iso_3166_3": "BGR",
    "currency": "BGN"
  },
  {
    "name": "Burkina Faso",
    "continent": "AF",
    "iso_3166_2": "BF",
    "iso_3166_3": "BFA",
    "currency": "XOF"
  },
  {
    "name": "Cabo Verde",
    "continent": "AF",
    "iso_3166_2": "CV",
    "iso_3166_3": "CPV",
    "currency": "CVE"
  },
  {
    "name": "Cambodia",
    "continent": "AS",
    "iso_3166_2": "KH",
    "iso_3166_3": "KHM",
    "currency": "KHR"
  },
  {
    "name": "Cameroon",
    "continent": "AF",
    "iso_3166_2": "CM",
    "iso_3166_3": "CMR",
    "currency": "XAF"
  },
  {
    "name": "Canada",
    "continent": "NA",
    "iso_3166_2": "CA",
    "iso_3166_3": "CAN",
    "currency": "CAD"
  },
  {
    "name": "Cayman Islands",
    "continent": "NA",
    "iso_3166_2": "KY",
    "iso_3166_3": "CYM",
    "currency": "KYD"
  },
  {
    "name": "Central African Republic",
    "continent": "AF",
    "iso_3166_2": "CF",
    "iso_3166_3": "CAF",
    "currency": "XAF"
  },
  {
    "name": "Chad",
    "continent": "AF",
    "iso_3166_2": "TD",
    "iso_3166_3": "TCD",
    "currency": "XAF"
  },
  {
    "name": "Chile",
    "continent": "SA",
    "iso_3166_2": "CL",
    "iso_3166_3": "CHL",
    "currency": "CLP"
  },
  {
    "name": "China",
    "continent": "AS",
    "iso_3166_2": "CN",
    "iso_3166_3": "CHN",
    "currency": "CNY"
  },
  {
    "name": "Colombia",
    "continent": "SA",
    "iso_3166_2": "CO",
    "iso_3166_3": "COL",
    "currency": "COP"
  },
  {
    "name": "Comoros",
    "continent": "AF",
    "iso_3166_2": "KM",
    "iso_3166_3": "COM",
    "currency": "KMF"
  },
  {
    "name": "Congo",
    "continent": "AF",
    "iso_3166_2": "CG",
    "iso_3166_3": "COG",
    "currency": "XAF"
  },
  {
    "name": "Cook Islands",
    "continent": "OC",
    "iso_3166_2": "CK",
    "iso_3166_3": "COK",
    "currency": "NZD"
  },
  {
    "name": "Costa Rica",
    "continent": "NA",
    "iso_3166_2": "CR",
    "iso_3166_3": "CRI",
    "currency": "CRC"
  },
  {
    "name": "Croatia",
    "continent": "EU",
    "iso_3166_2": "HR",
    "iso_3166_3": "HRV",
    "currency": "HRK"
  },
  {
    "name": "Curaçao",
    "continent": "NA",
    "iso_3166_2": "CW",
    "iso_3166_3": "CUW",
    "currency": "ANG"
  },
  {
    "name": "Cyprus",
    "continent": "EU",
    "iso_3166_2": "CY",
    "iso_3166_3": "CYP",
    "currency": "EUR"
  },
  {
    "name": "Czechia",
    "continent": "EU",
    "iso_3166_2": "CZ",
    "iso_3166_3": "CZE",
    "currency": "CZK"
  },
  {
    "name": "Côte d'Ivoire",
    "continent": "AF",
    "iso_3166_2": "CI",
    "iso_3166_3": "CIV",
    "currency": "XOF"
  },
  {
    "name": "Denmark",
    "continent": "EU",
    "iso_3166_2": "DK",
    "iso_3166_3": "DNK",
    "currency": "DKK"
  },
  {
    "name": "Djibouti",
    "continent": "AF",
    "iso_3166_2": "DJ",
    "iso_3166_3": "DJI",
    "currency": "DJF"
  },
  {
    "name": "Dominica",
    "continent": "NA",
    "iso_3166_2": "DM",
    "iso_3166_3": "DMA",
    "currency": "XCD"
  },
  {
    "name": "Dominican Republic",
    "continent": "NA",
    "iso_3166_2": "DO",
    "iso_3166_3": "DOM",
    "currency": "DOP"
  },
  {
    "name": "Ecuador",
    "continent": "SA",
    "iso_3166_2": "EC",
    "iso_3166_3": "ECU",
    "currency": "USD"
  },
  {
    "name": "Egypt",
    "continent": "AF",
    "iso_3166_2": "EG",
    "iso_3166_3": "EGY",
    "currency": "EGP"
  },
  {
    "name": "El Salvador",
    "continent": "NA",
    "iso_3166_2": "SV",
    "iso_3166_3": "SLV",
    "currency": "USD"
  },
  {
    "name": "Equatorial Guinea",
    "continent": "AF",
    "iso_3166_2": "GQ",
    "iso_3166_3": "GNQ",
    "currency": "XAF"
  },
  {
    "name": "Estonia",
    "continent": "EU",
    "iso_3166_2": "EE",
    "iso_3166_3": "EST",
    "currency": "EUR"
  },
  {
    "name": "Ethiopia",
    "continent": "AF",
    "iso_3166_2": "ET",
    "iso_3166_3": "ETH",
    "currency": "ETB"
  },
  {
    "name": "Falkland Islands",
    "continent": "SA",
    "iso_3166_2": "FK",
    "iso_3166_3": "FLK",
    "currency": "FKP"
  },
  {
    "name": "Faroe Islands",
    "continent": "EU",
    "iso_3166_2": "FO",
    "iso_3166_3": "FRO",
    "currency": "DKK"
  },
  {
    "name": "Fiji",
    "continent": "OC",
    "iso_3166_2": "FJ",
    "iso_3166_3": "FJI",
    "currency": "FJD"
  },
  {
    "name": "Finland",
    "continent": "EU",
    "iso_3166_2": "FI",
    "iso_3166_3": "FIN",
    "currency": "EUR"
  },
  {
    "name": "France",
    "continent": "EU",
    "iso_3166_2": "FR",
    "iso_3166_3": "FRA",
    "currency": "EUR"
  },
  {
    "name": "French Guiana",
    "continent": "SA",
    "iso_3166_2": "GF",
    "iso_3166_3": "GUF",
    "currency": "EUR"
  },
  {
    "name": "French Polynesia",
    "continent": "OC",
    "iso_3166_2": "PF",
    "iso_3166_3": "PYF",
    "currency": "XPF"
  },
  {
    "name": "Gabon",
    "continent": "AF",
    "iso_3166_2": "GA",
    "iso_3166_3": "GAB",
    "currency": "XAF"
  },
  {
    "name": "Gambia",
    "continent": "AF",
    "iso_3166_2": "GM",
    "iso_3166_3": "GMB",
    "currency": "GMD"
  },
  {
    "name": "Georgia",
    "continent": "AS",
    "iso_3166_2": "GE",
    "iso_3166_3": "GEO",
    "currency": "GEL"
  },
  {
    "name": "Germany",
    "continent": "EU",
    "iso_3166_2": "DE",
    "iso_3166_3": "DEU",
    "currency": "EUR"
  },
  {
    "name": "Ghana",
    "continent": "AF",
    "iso_3166_2": "GH",
    "iso_3166_3": "GHA",
    "currency": "GHS"
  },
  {
    "name": "Gibraltar",
    "continent": "EU",
    "iso_3166_2": "GI",
    "iso_3166_3": "GIB",
    "currency": "GIP"
  },
  {
    "name": "Greece",
    "continent": "EU",
    "iso_3166_2": "GR",
    "iso_3166_3": "GRC",
    "currency": "EUR"
  },
  {
    "name": "Greenland",
    "continent": "NA",
    "iso_3166_2": "GL",
    "iso_3166_3": "GRL",
    "currency": "DKK"
  },
  {
    "name": "Grenada",
    "continent": "NA",
    "iso_3166_2": "GD",
    "iso_3166_3": "GRD",
    "currency": "XCD"
  },
  {
    "name": "Guadeloupe",
    "continent": "NA",
    "iso_3166_2": "GP",
    "iso_3166_3": "GLP",
    "currency": "EUR"
  },
  {
    "name": "Guam",
    "continent": "OC",
    "iso_3166_2": "GU",
    "iso_3166_3": "GUM",
    "currency": "USD"
  },
  {
    "name": "Guatemala",
    "continent": "NA",
    "iso_3166_2": "GT",
    "iso_3166_3": "GTM",
    "currency": "GTQ"
  },
  {
    "name": "Guernsey",
    "continent": "EU",
    "iso_3166_2": "GG",
    "iso_3166_3": "GGY",
    "currency": "GBP"
  },
  {
    "name": "Guinea",
    "continent": "AF",
    "iso_3166_2": "GN",
    "iso_3166_3": "GIN",
    "currency": "GNF"
  },
  {
    "name": "Guinea-Bissau",
    "continent": "AF",
    "iso_3166_2": "GW",
    "iso_3166_3": "GNB",
    "currency": "XOF"
  },
  {
    "name": "Guyana",
    "continent": "SA",
    "iso_3166_2": "GY",
    "iso_3166_3": "GUY",
    "currency": "GYD"
  },
  {
    "name": "Haiti",
    "continent": "NA",
    "iso_3166_2": "HT",
    "iso_3166_3": "HTI",
    "currency": "USD"
  },
  {
    "name": "Honduras",
    "continent": "NA",
    "iso_3166_2": "HN",
    "iso_3166_3": "HND",
    "currency": "HNL"
  },
  {
    "name": "Hong Kong",
    "continent": "AS",
    "iso_3166_2": "HK",
    "iso_3166_3": "HKG",
    "currency": "HKD"
  },
  {
    "name": "Hungary",
    "continent": "EU",
    "iso_3166_2": "HU",
    "iso_3166_3": "HUN",
    "currency": "HUF"
  },
  {
    "name": "Iceland",
    "continent": "EU",
    "iso_3166_2": "IS",
    "iso_3166_3": "ISL",
    "currency": "ISK"
  },
  {
    "name": "India",
    "continent": "AS",
    "iso_3166_2": "IN",
    "iso_3166_3": "IND",
    "currency": "INR"
  },
  {
    "name": "Indonesia",
    "continent": "AS",
    "iso_3166_2": "ID",
    "iso_3166_3": "IDN",
    "currency": "IDR"
  },
  {
    "name": "Ireland",
    "continent": "EU",
    "iso_3166_2": "IE",
    "iso_3166_3": "IRL",
    "currency": "EUR"
  },
  {
    "name": "Israel",
    "continent": "AS",
    "iso_3166_2": "IL",
    "iso_3166_3": "ISR",
    "currency": "ILS"
  },
  {
    "name": "Italy",
    "continent": "EU",
    "iso_3166_2": "IT",
    "iso_3166_3": "ITA",
    "currency": "EUR"
  },
  {
    "name": "Jamaica",
    "continent": "NA",
    "iso_3166_2": "JM",
    "iso_3166_3": "JAM",
    "currency": "JMD"
  },
  {
    "name": "Japan",
    "continent": "AS",
    "iso_3166_2": "JP",
    "iso_3166_3": "JPN",
    "currency": "JPY"
  },
  {
    "name": "Jersey",
    "continent": "EU",
    "iso_3166_2": "JE",
    "iso_3166_3": "JEY",
    "currency": "GBP"
  },
  {
    "name": "Jordan",
    "continent": "AS",
    "iso_3166_2": "JO",
    "iso_3166_3": "JOR",
    "currency": "JOD"
  },
  {
    "name": "Kazakhstan",
    "continent": "AS",
    "iso_3166_2": "KZ",
    "iso_3166_3": "KAZ",
    "currency": "KZT"
  },
  {
    "name": "Kenya",
    "continent": "AF",
    "iso_3166_2": "KE",
    "iso_3166_3": "KEN",
    "currency": "KES"
  },
  {
    "name": "Kiribati",
    "continent": "OC",
    "iso_3166_2": "KI",
    "iso_3166_3": "KIR",
    "currency": "AUD"
  },
  {
    "name": "Kuwait",
    "continent": "AS",
    "iso_3166_2": "KW",
    "iso_3166_3": "KWT",
    "currency": "KWD"
  },
  {
    "name": "Kyrgyzstan",
    "continent": "AS",
    "iso_3166_2": "KG",
    "iso_3166_3": "KGZ",
    "currency": "KGS"
  },
  {
    "name": "Lao People's Democratic Republic",
    "continent": "AS",
    "iso_3166_2": "LA",
    "iso_3166_3": "LAO",
    "currency": "LAK"
  },
  {
    "name": "Latvia",
    "continent": "EU",
    "iso_3166_2": "LV",
    "iso_3166_3": "LVA",
    "currency": "EUR"
  },
  {
    "name": "Lebanon",
    "continent": "AS",
    "iso_3166_2": "LB",
    "iso_3166_3": "LBN",
    "currency": "LBP"
  },
  {
    "name": "Lesotho",
    "continent": "AF",
    "iso_3166_2": "LS",
    "iso_3166_3": "LSO",
    "currency": "ZAR"
  },
  {
    "name": "Libya",
    "continent": "AF",
    "iso_3166_2": "LY",
    "iso_3166_3": "LBY",
    "currency": "LYD"
  },
  {
    "name": "Liechtenstein",
    "continent": "EU",
    "iso_3166_2": "LI",
    "iso_3166_3": "LIE",
    "currency": "CHF"
  },
  {
    "name": "Lithuania",
    "continent": "EU",
    "iso_3166_2": "LT",
    "iso_3166_3": "LTU",
    "currency": "EUR"
  },
  {
    "name": "Luxembourg",
    "continent": "EU",
    "iso_3166_2": "LU",
    "iso_3166_3": "LUX",
    "currency": "EUR"
  },
  {
    "name": "Macau",
    "continent": "AS",
    "iso_3166_2": "MO",
    "iso_3166_3": "MAC",
    "currency": "MOP"
  },
  {
    "name": "Madagascar",
    "continent": "AF",
    "iso_3166_2": "MG",
    "iso_3166_3": "MDG",
    "currency": "MGA"
  },
  {
    "name": "Malawi",
    "continent": "AF",
    "iso_3166_2": "MW",
    "iso_3166_3": "MWI",
    "currency": "MWK"
  },
  {
    "name": "Malaysia",
    "continent": "AS",
    "iso_3166_2": "MY",
    "iso_3166_3": "MYS",
    "currency": "MYR"
  },
  {
    "name": "Maldives",
    "continent": "AS",
    "iso_3166_2": "MV",
    "iso_3166_3": "MDV",
    "currency": "MVR"
  },
  {
    "name": "Mali",
    "continent": "AF",
    "iso_3166_2": "ML",
    "iso_3166_3": "MLI",
    "currency": "XOF"
  },
  {
    "name": "Malta",
    "continent": "EU",
    "iso_3166_2": "MT",
    "iso_3166_3": "MLT",
    "currency": "EUR"
  },
  {
    "name": "Marshall Islands",
    "continent": "OC",
    "iso_3166_2": "MH",
    "iso_3166_3": "MHL",
    "currency": "USD"
  },
  {
    "name": "Martinique",
    "continent": "NA",
    "iso_3166_2": "MQ",
    "iso_3166_3": "MTQ",
    "currency": "EUR"
  },
  {
    "name": "Mauritania",
    "continent": "AF",
    "iso_3166_2": "MR",
    "iso_3166_3": "MRT",
    "currency": "MRO"
  },
  {
    "name": "Mauritius",
    "continent": "AF",
    "iso_3166_2": "MU",
    "iso_3166_3": "MUS",
    "currency": "MUR"
  },
  {
    "name": "Mayotte",
    "continent": "AF",
    "iso_3166_2": "YT",
    "iso_3166_3": "MYT",
    "currency": "EUR"
  },
  {
    "name": "Mexico",
    "continent": "NA",
    "iso_3166_2": "MX",
    "iso_3166_3": "MEX",
    "currency": "MXN"
  },
  {
    "name": "Micronesia",
    "continent": "OC",
    "iso_3166_2": "FM",
    "iso_3166_3": "FSM",
    "currency": "USD"
  },
  {
    "name": "Monaco",
    "continent": "EU",
    "iso_3166_2": "MC",
    "iso_3166_3": "MCO",
    "currency": "EUR"
  },
  {
    "name": "Mongolia",
    "continent": "AS",
    "iso_3166_2": "MN",
    "iso_3166_3": "MNG",
    "currency": "MNT"
  },
  {
    "name": "Montenegro",
    "continent": "EU",
    "iso_3166_2": "ME",
    "iso_3166_3": "MNE",
    "currency": "EUR"
  },
  {
    "name": "Montserrat",
    "continent": "NA",
    "iso_3166_2": "MS",
    "iso_3166_3": "MSR",
    "currency": "XCD"
  },
  {
    "name": "Morocco",
    "continent": "AF",
    "iso_3166_2": "MA",
    "iso_3166_3": "MAR",
    "currency": "MAD"
  },
  {
    "name": "Mozambique",
    "continent": "AF",
    "iso_3166_2": "MZ",
    "iso_3166_3": "MOZ",
    "currency": "MZN"
  },
  {
    "name": "Namibia",
    "continent": "AF",
    "iso_3166_2": "NA",
    "iso_3166_3": "NAM",
    "currency": "NAD"
  },
  {
    "name": "Nauru",
    "continent": "OC",
    "iso_3166_2": "NR",
    "iso_3166_3": "NRU",
    "currency": "AUD"
  },
  {
    "name": "Nepal",
    "continent": "AS",
    "iso_3166_2": "NP",
    "iso_3166_3": "NPL",
    "currency": "NPR"
  },
  {
    "name": "Netherlands",
    "continent": "EU",
    "iso_3166_2": "NL",
    "iso_3166_3": "NLD",
    "currency": "EUR"
  },
  {
    "name": "New Caledonia",
    "continent": "OC",
    "iso_3166_2": "NC",
    "iso_3166_3": "NCL",
    "currency": "XPF"
  },
  {
    "name": "New Zealand",
    "continent": "OC",
    "iso_3166_2": "NZ",
    "iso_3166_3": "NZL",
    "currency": "NZD"
  },
  {
    "name": "Nicaragua",
    "continent": "NA",
    "iso_3166_2": "NI",
    "iso_3166_3": "NIC",
    "currency": "NIO"
  },
  {
    "name": "Niger",
    "continent": "AF",
    "iso_3166_2": "NE",
    "iso_3166_3": "NER",
    "currency": "XOF"
  },
  {
    "name": "Nigeria",
    "continent": "AF",
    "iso_3166_2": "NG",
    "iso_3166_3": "NGA",
    "currency": "NGN"
  },
  {
    "name": "Niue",
    "continent": "OC",
    "iso_3166_2": "NU",
    "iso_3166_3": "NIU",
    "currency": "NZD"
  },
  {
    "name": "Northern Mariana Islands",
    "continent": "OC",
    "iso_3166_2": "MP",
    "iso_3166_3": "MNP",
    "currency": "USD"
  },
  {
    "name": "Norway",
    "continent": "EU",
    "iso_3166_2": "NO",
    "iso_3166_3": "NOR",
    "currency": "NOK"
  },
  {
    "name": "Oman",
    "continent": "AS",
    "iso_3166_2": "OM",
    "iso_3166_3": "OMN",
    "currency": "OMR"
  },
  {
    "name": "Pakistan",
    "continent": "AS",
    "iso_3166_2": "PK",
    "iso_3166_3": "PAK",
    "currency": "PKR"
  },
  {
    "name": "Palau",
    "continent": "OC",
    "iso_3166_2": "PW",
    "iso_3166_3": "PLW",
    "currency": "USD"
  },
  {
    "name": "Panama",
    "continent": "NA",
    "iso_3166_2": "PA",
    "iso_3166_3": "PAN",
    "currency": "USD"
  },
  {
    "name": "Papua New Guinea",
    "continent": "OC",
    "iso_3166_2": "PG",
    "iso_3166_3": "PNG",
    "currency": "PGK"
  },
  {
    "name": "Paraguay",
    "continent": "SA",
    "iso_3166_2": "PY",
    "iso_3166_3": "PRY",
    "currency": "PYG"
  },
  {
    "name": "Peru",
    "continent": "SA",
    "iso_3166_2": "PE",
    "iso_3166_3": "PER",
    "currency": "PEN"
  },
  {
    "name": "Philippines",
    "continent": "AS",
    "iso_3166_2": "PH",
    "iso_3166_3": "PHL",
    "currency": "PHP"
  },
  {
    "name": "Poland",
    "continent": "EU",
    "iso_3166_2": "PL",
    "iso_3166_3": "POL",
    "currency": "PLN"
  },
  {
    "name": "Portugal",
    "continent": "EU",
    "iso_3166_2": "PT",
    "iso_3166_3": "PRT",
    "currency": "EUR"
  },
  {
    "name": "Qatar",
    "continent": "AS",
    "iso_3166_2": "QA",
    "iso_3166_3": "QAT",
    "currency": "QAR"
  },
  {
    "name": "Republic of Korea",
    "continent": "AS",
    "iso_3166_2": "KR",
    "iso_3166_3": "KOR",
    "currency": "KRW"
  },
  {
    "name": "Republic of Moldova",
    "continent": "EU",
    "iso_3166_2": "MD",
    "iso_3166_3": "MDA",
    "currency": "MDL"
  },
  {
    "name": "Romania",
    "continent": "EU",
    "iso_3166_2": "RO",
    "iso_3166_3": "ROU",
    "currency": "RON"
  },
  {
    "name": "Russian Federation",
    "continent": "EU",
    "iso_3166_2": "RU",
    "iso_3166_3": "RUS",
    "currency": "RUB"
  },
  {
    "name": "Rwanda",
    "continent": "AF",
    "iso_3166_2": "RW",
    "iso_3166_3": "RWA",
    "currency": "RWF"
  },
  {
    "name": "Réunion",
    "continent": "AF",
    "iso_3166_2": "RE",
    "iso_3166_3": "REU",
    "currency": "EUR"
  },
  {
    "name": "Saint Barthélemy",
    "continent": "NA",
    "iso_3166_2": "BL",
    "iso_3166_3": "BLM",
    "currency": "EUR"
  },
  {
    "name": "Saint Helena",
    "continent": "AF",
    "iso_3166_2": "SH",
    "iso_3166_3": "SHN",
    "currency": "SHP"
  },
  {
    "name": "Saint Kitts and Nevis",
    "continent": "NA",
    "iso_3166_2": "KN",
    "iso_3166_3": "KNA",
    "currency": "XCD"
  },
  {
    "name": "Saint Lucia",
    "continent": "NA",
    "iso_3166_2": "LC",
    "iso_3166_3": "LCA",
    "currency": "XCD"
  },
  {
    "name": "Saint Martin",
    "continent": "NA",
    "iso_3166_2": "MF",
    "iso_3166_3": "MAF",
    "currency": "EUR"
  },
  {
    "name": "Saint Pierre and Miquelon",
    "continent": "NA",
    "iso_3166_2": "PM",
    "iso_3166_3": "SPM",
    "currency": "EUR"
  },
  {
    "name": "Saint Vincent and the Grenadines",
    "continent": "NA",
    "iso_3166_2": "VC",
    "iso_3166_3": "VCT",
    "currency": "XCD"
  },
  {
    "name": "Samoa",
    "continent": "OC",
    "iso_3166_2": "WS",
    "iso_3166_3": "WSM",
    "currency": "WST"
  },
  {
    "name": "San Marino",
    "continent": "EU",
    "iso_3166_2": "SM",
    "iso_3166_3": "SMR",
    "currency": "EUR"
  },
  {
    "name": "Sao Tome and Principe",
    "continent": "AF",
    "iso_3166_2": "ST",
    "iso_3166_3": "STP",
    "currency": "STD"
  },
  {
    "name": "Saudi Arabia",
    "continent": "AS",
    "iso_3166_2": "SA",
    "iso_3166_3": "SAU",
    "currency": "SAR"
  },
  {
    "name": "Senegal",
    "continent": "AF",
    "iso_3166_2": "SN",
    "iso_3166_3": "SEN",
    "currency": "XOF"
  },
  {
    "name": "Serbia",
    "continent": "EU",
    "iso_3166_2": "RS",
    "iso_3166_3": "SRB",
    "currency": "RSD"
  },
  {
    "name": "Seychelles",
    "continent": "AF",
    "iso_3166_2": "SC",
    "iso_3166_3": "SYC",
    "currency": "SCR"
  },
  {
    "name": "Sierra Leone",
    "continent": "AF",
    "iso_3166_2": "SL",
    "iso_3166_3": "SLE",
    "currency": "SLL"
  },
  {
    "name": "Singapore",
    "continent": "AS",
    "iso_3166_2": "SG",
    "iso_3166_3": "SGP",
    "currency": "SGD"
  },
  {
    "name": "Sint Maarten",
    "continent": "NA",
    "iso_3166_2": "SX",
    "iso_3166_3": "SXM",
    "currency": "ANG"
  },
  {
    "name": "Slovakia",
    "continent": "EU",
    "iso_3166_2": "SK",
    "iso_3166_3": "SVK",
    "currency": "EUR"
  },
  {
    "name": "Slovenia",
    "continent": "EU",
    "iso_3166_2": "SI",
    "iso_3166_3": "SVN",
    "currency": "EUR"
  },
  {
    "name": "Solomon Islands",
    "continent": "OC",
    "iso_3166_2": "SB",
    "iso_3166_3": "SLB",
    "currency": "SBD"
  },
  {
    "name": "Somalia",
    "continent": "AF",
    "iso_3166_2": "SO",
    "iso_3166_3": "SOM",
    "currency": "SOS"
  },
  {
    "name": "South Africa",
    "continent": "AF",
    "iso_3166_2": "ZA",
    "iso_3166_3": "ZAF",
    "currency": "ZAR"
  },
  {
    "name": "Spain",
    "continent": "EU",
    "iso_3166_2": "ES",
    "iso_3166_3": "ESP",
    "currency": "EUR"
  },
  {
    "name": "Sri Lanka",
    "continent": "AS",
    "iso_3166_2": "LK",
    "iso_3166_3": "LKA",
    "currency": "LKR"
  },
  {
    "name": "Suriname",
    "continent": "SA",
    "iso_3166_2": "SR",
    "iso_3166_3": "SUR",
    "currency": "SRD"
  },
  {
    "name": "Swaziland",
    "continent": "AF",
    "iso_3166_2": "SZ",
    "iso_3166_3": "SWZ",
    "currency": "SZL"
  },
  {
    "name": "Sweden",
    "continent": "EU",
    "iso_3166_2": "SE",
    "iso_3166_3": "SWE",
    "currency": "SEK"
  },
  {
    "name": "Switzerland",
    "continent": "EU",
    "iso_3166_2": "CH",
    "iso_3166_3": "CHE",
    "currency": "CHF"
  },
  {
    "name": "Taiwan",
    "continent": "AS",
    "iso_3166_2": "TW",
    "iso_3166_3": "TWN",
    "currency": "TWD"
  },
  {
    "name": "Tajikistan",
    "continent": "AS",
    "iso_3166_2": "TJ",
    "iso_3166_3": "TJK",
    "currency": "TJS"
  },
  {
    "name": "Thailand",
    "continent": "AS",
    "iso_3166_2": "TH",
    "iso_3166_3": "THA",
    "currency": "THB"
  },
  {
    "name": "Timor-Leste",
    "continent": "OC",
    "iso_3166_2": "TL",
    "iso_3166_3": "TLS",
    "currency": "USD"
  },
  {
    "name": "Togo",
    "continent": "AF",
    "iso_3166_2": "TG",
    "iso_3166_3": "TGO",
    "currency": "XOF"
  },
  {
    "name": "Tonga",
    "continent": "OC",
    "iso_3166_2": "TO",
    "iso_3166_3": "TON",
    "currency": "TOP"
  },
  {
    "name": "Trinidad and Tobago",
    "continent": "NA",
    "iso_3166_2": "TT",
    "iso_3166_3": "TTO",
    "currency": "TTD"
  },
  {
    "name": "Turkey",
    "continent": "AS",
    "iso_3166_2": "TR",
    "iso_3166_3": "TUR",
    "currency": "TRY"
  },
  {
    "name": "Turkmenistan",
    "continent": "AS",
    "iso_3166_2": "TM",
    "iso_3166_3": "TKM",
    "currency": "TMT"
  },
  {
    "name": "Turks and Caicos Islands",
    "continent": "NA",
    "iso_3166_2": "TC",
    "iso_3166_3": "TCA",
    "currency": "USD"
  },
  {
    "name": "Tuvalu",
    "continent": "OC",
    "iso_3166_2": "TV",
    "iso_3166_3": "TUV",
    "currency": "AUD"
  },
  {
    "name": "Uganda",
    "continent": "AF",
    "iso_3166_2": "UG",
    "iso_3166_3": "UGA",
    "currency": "UGX"
  },
  {
    "name": "Ukraine",
    "continent": "EU",
    "iso_3166_2": "UA",
    "iso_3166_3": "UKR",
    "currency": "UAH"
  },
  {
    "name": "United Arab Emirates",
    "continent": "AS",
    "iso_3166_2": "AE",
    "iso_3166_3": "ARE",
    "currency": "AED"
  },
  {
    "name": "United Kingdom of Great Britain and Northern Ireland",
    "continent": "EU",
    "iso_3166_2": "GB",
    "iso_3166_3": "GBR",
    "currency": "GBP"
  },
  {
    "name": "United Republic of Tanzania",
    "continent": "AF",
    "iso_3166_2": "TZ",
    "iso_3166_3": "TZA",
    "currency": "TZS"
  },
  {
    "name": "United States of America",
    "continent": "NA",
    "iso_3166_2": "US",
    "iso_3166_3": "USA",
    "currency": "USD"
  },
  {
    "name": "Uruguay",
    "continent": "SA",
    "iso_3166_2": "UY",
    "iso_3166_3": "URY",
    "currency": "UYU"
  },
  {
    "name": "Uzbekistan",
    "continent": "AS",
    "iso_3166_2": "UZ",
    "iso_3166_3": "UZB",
    "currency": "UZS"
  },
  {
    "name": "Vanuatu",
    "continent": "OC",
    "iso_3166_2": "VU",
    "iso_3166_3": "VUT",
    "currency": "VUV"
  },
  {
    "name": "Venezuela",
    "continent": "SA",
    "iso_3166_2": "VE",
    "iso_3166_3": "VEN",
    "currency": "VEF"
  },
  {
    "name": "Vietnam",
    "continent": "AS",
    "iso_3166_2": "VN",
    "iso_3166_3": "VNM",
    "currency": "VND"
  },
  {
    "name": "Wallis and Futuna Islands",
    "continent": "OC",
    "iso_3166_2": "WF",
    "iso_3166_3": "WLF",
    "currency": "XPF"
  },
  {
    "name": "Yemen",
    "continent": "AS",
    "iso_3166_2": "YE",
    "iso_3166_3": "YEM",
    "currency": "YER"
  },
  {
    "name": "Zambia",
    "continent": "AF",
    "iso_3166_2": "ZM",
    "iso_3166_3": "ZMB",
    "currency": "ZMW"
  }
]